Date,Close/Last,Volume,Open,High,Low
09/06/2024,$55.33,5004147,$54.92,$55.66,$54.88
09/05/2024,$55.11,3896728,$55.86,$56.31,$54.95
09/04/2024,$55.50,2449331,$55.80,$56.08,$55.185
09/03/2024,$55.57,3146529,$56.45,$56.58,$55.35
08/30/2024,$57.30,4229129,$56.77,$57.57,$56.705
08/29/2024,$57.00,2807117,$56.50,$57.415,$55.87
08/28/2024,$56.00,2308036,$55.52,$56.04,$55.09
08/27/2024,$55.56,3809554,$55.34,$55.65,$54.95
08/26/2024,$55.65,2602490,$55.80,$56.275,$55.38
08/23/2024,$55.58,4475876,$54.84,$55.635,$54.74
08/22/2024,$54.55,1922208,$54.23,$54.56,$53.97
08/21/2024,$54.28,1584619,$53.87,$54.42,$53.75
08/20/2024,$53.60,2760678,$54.21,$54.21,$53.52
08/19/2024,$54.31,2517430,$54.00,$54.63,$53.815
08/16/2024,$53.80,2926133,$52.78,$53.92,$52.59
08/15/2024,$52.76,2270849,$52.67,$52.95,$52.39
08/14/2024,$51.99,2011903,$51.87,$52.07,$51.25
08/13/2024,$51.73,2181599,$51.34,$52.03,$51.00
08/12/2024,$51.22,1724668,$51.53,$51.74,$51.13
08/09/2024,$51.56,1841168,$51.49,$51.77,$50.78
08/08/2024,$51.55,2645664,$51.07,$51.64,$50.96
08/07/2024,$50.78,2520544,$51.46,$52.39,$50.75
08/06/2024,$51.18,3654314,$51.17,$51.95,$50.95
08/05/2024,$51.31,3627736,$50.58,$52.20,$50.30
08/02/2024,$51.58,3784039,$52.28,$52.95,$51.02
08/01/2024,$53.00,6146438,$53.96,$55.67,$52.89
07/31/2024,$56.10,3682714,$55.79,$56.56,$55.43
07/30/2024,$55.53,2002904,$55.61,$56.05,$55.19
07/29/2024,$55.46,1906880,$55.32,$56.05,$55.04
07/26/2024,$55.39,2272011,$55.45,$56.06,$55.20
07/25/2024,$55.28,2798158,$53.62,$55.91,$53.54
07/24/2024,$53.82,1999642,$54.69,$54.90,$53.74
07/23/2024,$54.39,1625539,$54.55,$54.79,$54.26
07/22/2024,$54.77,1494688,$54.90,$54.97,$53.94
07/19/2024,$54.78,2088346,$55.28,$55.28,$54.35
07/18/2024,$55.20,2591966,$54.81,$56.13,$54.69
07/17/2024,$55.54,3089918,$54.22,$55.68,$54.22
07/16/2024,$54.20,2818042,$52.97,$54.225,$52.915
07/15/2024,$52.90,2646077,$53.02,$53.275,$52.45
07/12/2024,$53.10,2495994,$52.65,$53.305,$52.04
07/11/2024,$52.27,2243917,$51.45,$52.48,$51.38
07/10/2024,$51.02,3435878,$50.80,$51.06,$50.36
07/09/2024,$50.72,2577502,$51.63,$51.69,$50.69
07/08/2024,$51.72,2996863,$52.46,$52.565,$51.50
07/05/2024,$52.44,1493548,$52.09,$52.47,$51.74
07/03/2024,$52.48,1238138,$52.86,$53.15,$52.26
07/02/2024,$52.77,2186839,$52.99,$53.19,$52.62
07/01/2024,$53.07,2549801,$53.91,$54.245,$52.8701
06/28/2024,$53.94,6301369,$54.11,$54.59,$53.525
06/27/2024,$53.65,2958097,$53.62,$53.83,$53.25
06/26/2024,$53.64,3410403,$52.91,$53.74,$52.78
06/25/2024,$53.04,3808404,$52.61,$53.08,$52.20
06/24/2024,$52.91,2909397,$53.09,$53.36,$52.75
06/21/2024,$52.92,8773974,$52.44,$53.04,$51.97
06/20/2024,$52.37,3617571,$51.78,$52.909,$51.60
06/18/2024,$51.89,2577834,$52.28,$52.80,$51.37
06/17/2024,$52.04,2622919,$51.26,$52.20,$51.15
06/14/2024,$51.18,1619280,$51.57,$51.80,$50.48
06/13/2024,$51.58,3512602,$51.64,$51.96,$50.96
06/12/2024,$51.94,3325979,$52.06,$52.72,$51.52
06/11/2024,$51.64,6635770,$51.10,$52.44,$50.01
06/10/2024,$51.71,5329855,$52.66,$52.67,$51.655
06/07/2024,$52.90,3750902,$53.96,$54.67,$52.72
06/06/2024,$54.92,2623981,$54.03,$55.005,$53.875
06/05/2024,$54.06,2033695,$53.63,$54.085,$53.47
06/04/2024,$53.70,2995855,$54.93,$55.16,$53.63
06/03/2024,$55.57,2310864,$55.76,$56.01,$54.94
05/31/2024,$55.94,3593379,$55.18,$56.02,$54.985
05/30/2024,$55.24,2172428,$54.37,$55.26,$54.37
05/29/2024,$54.27,4255873,$55.10,$55.51,$54.23
05/28/2024,$55.66,2418793,$55.465,$55.79,$55.04
05/24/2024,$55.51,2282195,$55.57,$56.055,$55.28
05/23/2024,$55.57,3121379,$56.94,$56.99,$55.19
05/22/2024,$56.98,2955085,$56.23,$57.11,$56.23
05/21/2024,$56.65,3032214,$56.80,$56.97,$56.43
05/20/2024,$56.74,2870017,$56.54,$57.00,$56.36
05/17/2024,$56.45,5282049,$56.20,$56.56,$55.87
05/16/2024,$56.00,5081818,$57.01,$57.14,$55.89
05/15/2024,$57.13,4157441,$57.88,$58.20,$56.90
05/14/2024,$57.55,3897982,$57.66,$57.94,$57.21
05/13/2024,$57.30,3034111,$57.66,$58.45,$57.29
05/10/2024,$57.48,3754489,$58.00,$58.76,$57.45
05/09/2024,$57.83,4051580,$57.06,$57.94,$57.06
05/08/2024,$56.82,4291853,$57.32,$57.641,$56.81
05/07/2024,$57.52,5527591,$56.66,$57.89,$56.66
05/06/2024,$56.36,3205087,$57.72,$57.792,$56.26
05/03/2024,$57.16,2977563,$57.03,$57.40,$56.57
05/02/2024,$56.98,6604952,$57.00,$57.70,$56.31
05/01/2024,$53.91,3590557,$54.39,$54.73,$53.65
04/30/2024,$54.13,3519982,$55.10,$55.15,$54.11
04/29/2024,$55.50,3231114,$55.20,$55.50,$54.99
04/26/2024,$54.92,2350151,$54.37,$55.195,$54.36
04/25/2024,$54.70,1593394,$54.80,$54.95,$54.0601
04/24/2024,$54.77,1811689,$54.65,$55.065,$54.30
04/23/2024,$55.18,2576242,$54.67,$55.57,$54.67
04/22/2024,$55.20,2315650,$54.80,$55.46,$54.41
04/19/2024,$54.80,2052668,$53.90,$54.84,$53.88
04/18/2024,$53.96,1614887,$53.86,$54.165,$53.61
04/17/2024,$53.53,2656525,$53.59,$54.34,$53.49
04/16/2024,$53.32,2742839,$53.53,$53.76,$53.205
04/15/2024,$53.67,2709524,$54.51,$54.59,$53.19
04/12/2024,$53.76,3906743,$54.67,$55.685,$53.645
04/11/2024,$56.46,1870569,$56.91,$57.15,$56.03
04/10/2024,$57.16,2133256,$56.62,$57.44,$56.24
04/09/2024,$57.52,1902001,$57.73,$57.85,$56.84
04/08/2024,$57.52,3770363,$57.10,$57.52,$56.85
04/05/2024,$56.85,2267412,$56.87,$57.05,$56.2633
04/04/2024,$56.95,2627411,$58.12,$58.16,$56.92
04/03/2024,$57.41,3025416,$57.21,$57.64,$57.07
04/02/2024,$57.17,3092878,$57.80,$58.07,$57.11
04/01/2024,$57.68,3847134,$57.57,$57.75,$57.015
03/28/2024,$57.67,4563880,$57.15,$58.18,$57.08
03/27/2024,$57.00,2629259,$56.59,$57.04,$56.53
03/26/2024,$56.30,3283696,$55.65,$56.35,$55.63
03/25/2024,$55.63,2132552,$55.28,$55.66,$54.9383
03/22/2024,$55.07,1993558,$55.94,$56.08,$54.97
03/21/2024,$55.78,2467387,$55.82,$55.89,$55.25
03/20/2024,$55.73,5427104,$54.85,$55.866,$54.64
03/19/2024,$54.67,3134564,$54.70,$55.015,$54.34
03/18/2024,$54.71,3169523,$55.45,$55.45,$54.52
03/15/2024,$55.09,6496002,$54.84,$55.68,$54.84
03/14/2024,$55.20,3514815,$55.09,$55.22,$54.4925
03/13/2024,$55.30,3165153,$55.34,$55.79,$55.20
03/12/2024,$55.11,4423841,$55.20,$55.37,$54.175
03/11/2024,$55.09,4053552,$54.58,$55.69,$54.58
03/08/2024,$54.68,4260621,$54.48,$54.84,$54.40
03/07/2024,$54.49,3330883,$54.43,$55.14,$54.275
03/06/2024,$54.03,4142515,$54.10,$54.54,$53.77
03/05/2024,$53.94,2904877,$53.44,$54.11,$53.36
03/04/2024,$53.61,2490238,$53.36,$53.99,$53.35
03/01/2024,$53.66,3805242,$53.49,$54.3402,$53.49
02/29/2024,$53.52,6804376,$54.48,$54.50,$53.25
02/28/2024,$54.54,3568555,$54.88,$55.0775,$54.16
02/27/2024,$55.13,2186121,$55.075,$55.34,$54.855
02/26/2024,$54.82,2593755,$54.61,$55.195,$54.48
02/23/2024,$54.90,2400335,$54.62,$55.11,$54.485
02/22/2024,$54.71,4256432,$54.07,$54.87,$53.91
02/21/2024,$54.22,2325951,$54.22,$54.54,$53.96
02/20/2024,$54.36,3113440,$54.38,$54.70,$53.95
02/16/2024,$54.80,3892686,$54.77,$55.28,$54.52
02/15/2024,$54.68,3048066,$54.29,$55.4101,$54.29
02/14/2024,$54.08,3260546,$54.11,$54.305,$53.555
02/13/2024,$53.63,3525696,$54.58,$54.99,$53.3501
02/12/2024,$55.04,3274524,$54.63,$55.31,$54.46
02/09/2024,$53.60,2929850,$53.04,$53.911,$52.88
02/08/2024,$53.24,6199800,$53.99,$54.33,$52.65
02/07/2024,$54.07,7010021,$52.34,$54.19,$52.34
02/06/2024,$52.09,4725646,$51.75,$52.415,$51.31
02/05/2024,$51.80,5824337,$52.50,$52.50,$51.655
02/02/2024,$53.04,5601552,$54.30,$54.50,$52.89
02/01/2024,$54.06,12192920,$56.49,$57.76,$52.36
01/31/2024,$45.48,5825326,$46.01,$46.35,$45.46
01/30/2024,$45.83,2948235,$45.62,$46.1464,$45.58
01/29/2024,$45.93,2123174,$45.74,$45.94,$45.30
01/26/2024,$45.86,3226219,$45.66,$45.94,$45.25
01/25/2024,$45.24,3958084,$45.75,$45.83,$45.01
01/24/2024,$45.41,2454386,$45.61,$45.665,$44.9101
01/23/2024,$45.43,2634617,$45.48,$45.88,$45.055
01/22/2024,$44.97,4708172,$45.165,$45.56,$44.80
01/19/2024,$45.60,5115285,$44.17,$45.64,$44.01
01/18/2024,$44.41,4040154,$44.69,$44.74,$44.07
01/17/2024,$44.84,3644866,$45.00,$45.63,$44.675
01/16/2024,$45.49,5702897,$46.025,$46.0525,$45.26
01/12/2024,$46.11,3299012,$46.42,$46.55,$45.84
01/11/2024,$46.03,4007918,$46.26,$46.57,$45.83
01/10/2024,$46.05,2595426,$45.97,$46.3198,$45.86
01/09/2024,$46.51,3042765,$46.69,$46.75,$46.00
01/08/2024,$47.01,2414585,$47.02,$47.24,$46.28
01/05/2024,$47.33,2773793,$47.60,$47.76,$46.92
01/04/2024,$47.60,3079931,$48.10,$48.23,$47.41
01/03/2024,$48.08,3469255,$48.28,$48.4681,$47.85
01/02/2024,$48.56,3123451,$47.83,$48.84,$47.7522
12/29/2023,$47.92,2120301,$47.96,$48.23,$47.52
12/28/2023,$48.09,1984012,$48.00,$48.22,$47.78
12/27/2023,$47.98,1856550,$47.88,$48.33,$47.6065
12/26/2023,$48.00,2636032,$47.50,$48.12,$47.30
12/22/2023,$47.46,2657609,$47.455,$47.70,$47.19
12/21/2023,$47.29,3070075,$46.91,$47.36,$46.79
12/20/2023,$46.59,4518491,$47.78,$47.875,$46.46
12/19/2023,$47.86,6079824,$47.53,$48.175,$47.44
12/18/2023,$47.18,7038486,$46.88,$47.40,$46.40
12/15/2023,$46.55,14029250,$46.38,$46.71,$46.06
12/14/2023,$46.54,7659571,$45.915,$47.52,$45.915
12/13/2023,$45.54,8685125,$45.14,$45.73,$44.71
12/12/2023,$44.81,4052538,$45.66,$45.66,$44.72
12/11/2023,$45.80,5526746,$45.57,$45.90,$45.2604
12/08/2023,$45.15,5691408,$44.62,$45.32,$44.50
12/07/2023,$44.50,4821513,$44.25,$44.70,$44.10
12/06/2023,$44.15,3746258,$44.09,$44.60,$43.98
12/05/2023,$43.89,4894014,$44.94,$45.1775,$43.89
12/04/2023,$45.22,5222785,$45.90,$46.215,$45.17
12/01/2023,$46.20,5788348,$45.36,$46.425,$45.08
11/30/2023,$45.20,7518615,$45.46,$45.55,$45.02
11/29/2023,$45.50,3426489,$45.75,$46.04,$45.28
11/28/2023,$45.50,4426926,$45.65,$46.28,$45.3002
11/27/2023,$45.73,3223140,$45.92,$46.265,$45.59
11/24/2023,$46.67,1411366,$46.20,$47.30,$46.09
11/22/2023,$46.36,1984319,$46.29,$46.46,$45.49
11/21/2023,$46.27,2709263,$46.84,$47.05,$46.24
11/20/2023,$46.86,3238785,$47.31,$47.31,$46.63
11/17/2023,$47.32,3495262,$47.20,$47.59,$46.805
11/16/2023,$46.97,3101132,$47.30,$47.95,$46.3346
11/15/2023,$46.73,2854019,$46.38,$47.25,$46.38
11/14/2023,$46.28,4344228,$45.49,$46.99,$45.49
11/13/2023,$45.29,7620552,$43.43,$45.35,$43.22
11/10/2023,$43.55,5288779,$44.37,$44.66,$43.35
11/09/2023,$44.51,7045282,$49.67,$49.67,$44.295
11/08/2023,$48.62,2811849,$49.32,$49.5823,$48.58
11/07/2023,$49.28,3070667,$49.53,$49.85,$49.13
11/06/2023,$49.97,2640887,$50.17,$50.2501,$49.73
11/03/2023,$50.23,2843110,$49.80,$50.65,$49.69
11/02/2023,$49.56,2771393,$47.92,$49.59,$47.92
11/01/2023,$47.74,4446770,$48.14,$48.30,$47.43
10/31/2023,$48.14,3755215,$48.03,$48.34,$47.33
10/30/2023,$48.22,3637561,$48.17,$48.35,$47.525
10/27/2023,$47.82,5864137,$47.50,$48.20,$47.21
10/26/2023,$48.71,2856589,$49.02,$49.32,$48.61
10/25/2023,$48.63,2394402,$48.53,$49.16,$48.41
10/24/2023,$48.41,3766044,$48.45,$48.785,$48.09
10/23/2023,$48.77,5078136,$47.38,$49.29,$47.38
10/20/2023,$50.26,2363848,$51.48,$51.63,$50.25
10/19/2023,$50.96,2616987,$51.335,$51.92,$50.85
10/18/2023,$51.23,3455749,$51.42,$51.93,$51.11
10/17/2023,$51.56,3335225,$49.68,$51.58,$49.65
10/16/2023,$49.81,2174858,$49.87,$50.035,$49.37
10/13/2023,$49.55,2248219,$49.46,$49.84,$49.05
10/12/2023,$49.44,1896969,$50.19,$50.19,$49.13
10/11/2023,$49.88,4008878,$50.47,$50.53,$48.59
10/10/2023,$50.52,2248436,$50.73,$51.19,$50.455
10/09/2023,$50.59,3119787,$49.89,$50.605,$49.44
10/06/2023,$50.05,2920401,$49.67,$50.49,$49.44
10/05/2023,$49.83,2497342,$50.13,$50.53,$49.43
10/04/2023,$50.45,2759543,$50.51,$51.02,$50.145
10/03/2023,$50.34,3856932,$49.55,$50.63,$49.41
10/02/2023,$50.05,3666124,$50.94,$50.94,$49.73
09/29/2023,$51.16,3507554,$51.30,$51.55,$50.92
09/28/2023,$50.91,3086006,$50.81,$51.23,$50.45
09/27/2023,$50.75,2590730,$51.03,$51.33,$50.40
09/26/2023,$50.79,3817763,$51.03,$51.42,$50.54
09/25/2023,$51.27,4334442,$51.03,$51.37,$50.69
09/22/2023,$51.42,3208582,$51.59,$51.79,$51.235
09/21/2023,$51.53,3519209,$51.25,$51.78,$51.00
09/20/2023,$51.77,4121842,$52.99,$52.99,$51.69
09/19/2023,$52.54,5439457,$52.33,$52.63,$52.05
09/18/2023,$51.87,4218289,$52.44,$52.71,$51.68
09/15/2023,$52.55,11700550,$52.51,$53.25,$52.42
09/14/2023,$52.61,4979684,$52.59,$52.925,$52.17
09/13/2023,$51.99,6209459,$51.86,$53.40,$51.86
09/12/2023,$51.63,6620710,$50.04,$51.71,$49.50
09/11/2023,$49.81,3350879,$49.72,$50.25,$49.57
09/08/2023,$49.58,2997608,$49.68,$49.92,$49.26
09/07/2023,$49.56,9868244,$50.14,$50.64,$48.84
09/06/2023,$50.50,4988441,$50.85,$51.01,$50.16
09/05/2023,$50.96,6091007,$51.53,$51.90,$50.95
09/01/2023,$51.11,3573237,$51.00,$51.40,$50.85
08/31/2023,$50.51,3958178,$51.26,$51.28,$50.45
08/30/2023,$51.26,3462839,$51.27,$51.57,$51.045
08/29/2023,$51.31,3143609,$51.15,$51.38,$50.79
08/28/2023,$50.93,3791918,$50.13,$51.12,$50.13
08/25/2023,$49.94,5374376,$49.93,$50.44,$49.63
08/24/2023,$49.65,3935280,$48.84,$49.725,$48.73
08/23/2023,$49.08,5037649,$49.30,$49.33,$48.68
08/22/2023,$49.38,3498497,$50.04,$50.20,$49.18
08/21/2023,$50.21,2486289,$50.77,$50.8729,$50.155
08/18/2023,$50.76,4778197,$50.04,$51.00,$50.04
08/17/2023,$50.43,3909268,$50.00,$51.00,$49.9497
08/16/2023,$50.01,4172314,$50.60,$50.92,$50.005
08/15/2023,$50.65,5545683,$51.38,$51.40,$50.14
08/14/2023,$52.00,2305360,$52.00,$52.06,$51.51
08/11/2023,$52.41,2990369,$52.22,$52.67,$51.97
08/10/2023,$52.21,5140558,$53.62,$53.715,$52.09
08/09/2023,$53.37,3674608,$54.03,$54.29,$53.25
08/08/2023,$54.18,2916121,$54.09,$54.845,$53.90
08/07/2023,$54.57,3939487,$55.97,$56.02,$54.39
08/04/2023,$56.02,7329683,$55.08,$57.49,$54.75
08/03/2023,$55.69,4798062,$55.57,$56.245,$55.11
08/02/2023,$55.90,3378615,$55.40,$56.4199,$55.21
08/01/2023,$55.94,3106123,$56.15,$56.38,$55.72
07/31/2023,$56.43,2184766,$56.37,$56.48,$56.02
07/28/2023,$56.14,2697386,$56.105,$56.25,$55.81
07/27/2023,$55.59,2904401,$55.92,$56.31,$55.45
07/26/2023,$55.79,3173248,$55.91,$56.27,$55.46
07/25/2023,$56.23,3082234,$56.64,$56.64,$55.82
07/24/2023,$56.70,2508886,$56.56,$56.92,$56.07
07/21/2023,$56.35,1891917,$56.76,$56.85,$56.215
07/20/2023,$56.62,2328444,$56.71,$56.965,$56.18
07/19/2023,$56.19,4543624,$55.50,$56.47,$55.50
07/18/2023,$55.10,5000575,$55.17,$55.61,$54.9201
07/17/2023,$54.59,2633195,$54.25,$54.91,$54.16
07/14/2023,$54.25,3180001,$54.85,$54.85,$53.81
07/13/2023,$54.61,3528256,$53.94,$54.67,$53.7593
07/12/2023,$54.03,5022406,$54.90,$54.9555,$53.88
07/11/2023,$54.52,4271706,$53.93,$54.54,$53.50
07/10/2023,$54.09,8953963,$55.97,$56.1499,$53.12
07/07/2023,$57.30,3735906,$56.42,$57.5487,$56.42
07/06/2023,$56.62,3614730,$56.15,$56.77,$55.95
07/05/2023,$56.55,4413129,$57.07,$57.3472,$56.30
07/03/2023,$58.00,2013453,$57.69,$58.31,$57.565
06/30/2023,$57.30,5280184,$57.85,$57.85,$56.61
06/29/2023,$57.70,1927392,$56.77,$57.73,$56.65
06/28/2023,$56.94,2973849,$57.63,$57.64,$56.335
06/27/2023,$57.33,3870203,$57.84,$58.00,$56.41
06/26/2023,$58.01,1862441,$57.45,$58.25,$57.39
06/23/2023,$57.23,4214033,$57.49,$57.88,$56.96
06/22/2023,$57.89,2015216,$58.38,$58.455,$57.71
06/21/2023,$58.57,4451131,$56.24,$58.81,$56.0955
06/20/2023,$56.54,3439495,$56.81,$56.97,$56.23
06/16/2023,$57.23,10092020,$57.67,$57.87,$56.775
06/15/2023,$57.68,3801361,$57.14,$57.99,$57.14
06/14/2023,$57.03,2447095,$57.955,$58.067,$56.855
06/13/2023,$57.70,2184459,$57.16,$58.02,$57.16
06/12/2023,$57.00,3261131,$56.45,$57.29,$56.08
06/09/2023,$56.44,4734007,$57.29,$57.41,$55.89
06/08/2023,$57.83,2850425,$58.18,$58.18,$57.31
06/07/2023,$58.09,5948929,$57.81,$58.56,$57.66
06/06/2023,$57.62,3438051,$55.85,$57.84,$55.76
06/05/2023,$56.20,3424313,$55.91,$56.93,$55.86
06/02/2023,$55.92,3365758,$55.27,$56.12,$54.85
06/01/2023,$53.86,3872429,$53.445,$53.86,$52.76
05/31/2023,$53.49,6882825,$54.53,$54.75,$52.97
05/30/2023,$54.97,3789757,$55.12,$55.12,$54.1819
05/26/2023,$55.17,2953667,$55.18,$55.78,$54.97
05/25/2023,$54.85,2255187,$54.94,$55.34,$54.62
05/24/2023,$55.25,1870932,$56.10,$56.17,$55.055
05/23/2023,$56.03,2627370,$56.58,$56.85,$55.83
05/22/2023,$56.86,2179375,$57.36,$57.37,$56.55
05/19/2023,$56.97,2284076,$56.53,$57.327,$56.36
05/18/2023,$56.19,2714326,$55.64,$56.27,$54.87
05/17/2023,$55.96,2952309,$57.09,$57.11,$55.85
05/16/2023,$56.97,2066908,$57.55,$57.73,$56.88
05/15/2023,$57.90,2049293,$57.225,$57.975,$56.95
05/12/2023,$57.02,1937852,$57.08,$57.38,$56.395
05/11/2023,$56.83,2211114,$56.81,$57.15,$56.435
05/10/2023,$57.57,2707421,$57.68,$57.86,$56.40
05/09/2023,$57.10,2771686,$57.12,$57.34,$56.645
05/08/2023,$57.59,2399389,$58.93,$59.04,$57.53
05/05/2023,$58.25,3142948,$57.63,$58.885,$57.55
05/04/2023,$56.88,4165151,$60.35,$60.57,$56.84
05/03/2023,$60.00,2372151,$60.88,$61.07,$59.945
05/02/2023,$60.64,2617778,$60.885,$61.00,$58.66
05/01/2023,$61.46,1846629,$61.19,$61.87,$60.99
04/28/2023,$61.12,2980045,$60.61,$61.34,$60.535
04/27/2023,$60.67,1790963,$59.64,$60.735,$59.64
04/26/2023,$59.64,1762743,$60.12,$60.33,$59.21
04/25/2023,$60.53,1718375,$61.085,$61.21,$60.38
04/24/2023,$61.51,1393681,$61.76,$61.83,$61.335
04/21/2023,$61.48,1626400,$62.10,$62.10,$61.14
04/20/2023,$61.89,1691081,$61.75,$62.015,$61.43
04/19/2023,$62.25,1482509,$62.80,$62.97,$62.09
04/18/2023,$62.97,1624386,$62.91,$63.06,$62.54
04/17/2023,$62.77,1641842,$62.45,$62.84,$62.085
04/14/2023,$62.13,1697393,$62.90,$63.365,$61.83
04/13/2023,$62.72,2642612,$62.02,$62.869,$61.69
04/12/2023,$61.79,2904677,$61.33,$62.22,$61.09
04/11/2023,$60.93,2120100,$60.34,$61.12,$60.08
04/10/2023,$60.29,2040908,$59.88,$60.70,$59.73
04/06/2023,$59.80,3045879,$60.47,$60.48,$59.09
04/05/2023,$60.72,2956097,$60.04,$60.855,$60.015
04/04/2023,$60.40,3465189,$60.57,$60.65,$59.915
04/03/2023,$61.00,3420338,$60.57,$61.07,$60.365
03/31/2023,$60.31,2700238,$60.11,$60.4325,$59.84
03/30/2023,$59.95,3152601,$60.71,$60.73,$59.56
03/29/2023,$59.94,4911884,$58.75,$60.00,$58.60
03/28/2023,$58.10,2224400,$57.945,$58.5975,$57.80
03/27/2023,$57.70,3560791,$57.39,$58.365,$57.13
03/24/2023,$56.84,2559334,$56.12,$57.13,$55.90
03/23/2023,$56.81,2454206,$57.50,$58.03,$56.52
03/22/2023,$57.44,2320920,$58.39,$58.66,$57.43
03/21/2023,$58.51,2758555,$58.38,$58.95,$58.11
03/20/2023,$57.62,4243210,$56.96,$57.89,$56.96
03/17/2023,$56.61,12011070,$56.41,$57.13,$56.11
03/16/2023,$56.96,4866844,$56.255,$57.18,$55.81
03/15/2023,$56.85,4253988,$57.71,$57.80,$56.14
03/14/2023,$58.92,3774848,$59.64,$60.0325,$58.185
03/13/2023,$58.62,2897867,$58.04,$59.33,$57.575
03/10/2023,$58.89,2632517,$59.61,$59.79,$58.405
03/09/2023,$59.92,2485365,$62.34,$62.41,$59.91
03/08/2023,$62.20,4877418,$62.98,$62.98,$61.54
03/07/2023,$62.97,4239322,$62.80,$63.01,$61.83
03/06/2023,$63.25,3932591,$63.36,$64.04,$62.80
03/03/2023,$63.70,2412736,$63.18,$63.75,$62.91
03/02/2023,$63.55,2537115,$62.40,$63.60,$62.04
03/01/2023,$62.15,2758627,$62.14,$63.01,$62.09
02/28/2023,$62.29,6824452,$61.73,$62.47,$61.41
02/27/2023,$62.11,3516546,$61.56,$62.44,$61.26
02/24/2023,$61.68,2909783,$61.17,$61.83,$60.46
02/23/2023,$62.00,4058566,$62.14,$62.5725,$61.05
02/22/2023,$61.94,5076332,$60.25,$62.00,$59.58
02/21/2023,$60.06,3398212,$61.88,$62.18,$60.015
02/17/2023,$61.81,4037081,$62.41,$62.96,$61.51
02/16/2023,$62.75,2277109,$61.73,$63.10,$61.67
02/15/2023,$62.11,2574739,$61.62,$62.27,$61.54
02/14/2023,$62.18,2741547,$62.04,$62.79,$61.62
02/13/2023,$62.47,3864357,$64.07,$64.2311,$62.31
02/10/2023,$64.47,4935471,$62.86,$64.98,$62.86
02/09/2023,$62.60,4260023,$63.485,$63.79,$62.26
02/08/2023,$61.88,4131363,$60.485,$62.03,$60.44
02/07/2023,$60.71,4114444,$60.57,$60.94,$59.84
02/06/2023,$60.70,4277385,$61.245,$61.40,$60.24
02/03/2023,$61.50,4689593,$61.10,$61.89,$61.10
02/02/2023,$62.00,9167230,$62.34,$62.98,$61.06
02/01/2023,$64.48,4132931,$64.01,$65.21,$63.90
01/31/2023,$64.45,3797164,$62.61,$64.47,$62.48
01/30/2023,$62.53,2869321,$63.285,$63.96,$62.19
01/27/2023,$63.83,3738475,$62.80,$64.085,$62.68
01/26/2023,$63.13,3726480,$63.50,$63.645,$62.57
01/25/2023,$63.13,2149971,$61.89,$63.15,$61.42
01/24/2023,$62.51,2169461,$62.08,$62.55,$61.20
01/23/2023,$61.90,2754444,$62.32,$62.47,$61.565
01/20/2023,$62.36,2570824,$62.40,$62.99,$61.65
01/19/2023,$62.22,3085751,$61.62,$62.36,$61.15
01/18/2023,$61.51,2621493,$62.94,$63.06,$61.41
01/17/2023,$62.70,3163532,$62.775,$63.545,$62.65
01/13/2023,$62.72,2066326,$62.57,$63.01,$61.8751
01/12/2023,$62.58,2888531,$62.10,$62.8511,$61.71
01/11/2023,$62.08,2807697,$62.82,$62.95,$61.645
01/10/2023,$61.75,1736335,$61.42,$61.79,$60.49
01/09/2023,$61.11,2243116,$61.20,$61.955,$60.75
01/06/2023,$61.01,2866982,$59.77,$61.14,$59.59
01/05/2023,$59.04,3314685,$59.23,$59.69,$58.90
01/04/2023,$59.69,3428571,$59.25,$59.80,$58.72
01/03/2023,$58.93,2351176,$58.73,$59.12,$58.30
12/30/2022,$58.78,1858251,$58.76,$59.17,$58.33
12/29/2022,$58.98,1548155,$58.74,$59.625,$58.74
12/28/2022,$58.63,1656839,$59.76,$59.9298,$58.48
12/27/2022,$59.76,1683886,$59.63,$60.03,$59.26
12/23/2022,$59.38,1136384,$58.91,$59.635,$58.82
12/22/2022,$58.90,2305713,$59.23,$59.24,$57.96
12/21/2022,$59.39,2429054,$59.09,$59.90,$58.42
12/20/2022,$58.89,2645370,$58.55,$59.41,$58.31
12/19/2022,$58.30,3378969,$60.03,$60.29,$58.015
12/16/2022,$59.78,9735234,$59.745,$60.08,$59.00
12/15/2022,$60.23,3922979,$60.99,$61.36,$59.92
12/14/2022,$61.70,2956456,$62.73,$63.025,$61.40
12/13/2022,$62.64,2384637,$63.22,$63.625,$62.37
12/12/2022,$62.29,3637313,$63.00,$63.28,$61.6201
12/09/2022,$62.99,2078780,$63.53,$64.00,$62.63
12/08/2022,$63.74,1892284,$64.30,$64.62,$63.49
12/07/2022,$63.76,2747658,$63.67,$64.33,$63.20
12/06/2022,$63.66,2674246,$64.50,$65.40,$63.17
12/05/2022,$64.36,2573243,$66.96,$67.11,$64.03
12/02/2022,$67.31,1865132,$65.97,$67.55,$65.83
12/01/2022,$66.25,1705948,$67.35,$67.42,$65.84
11/30/2022,$67.16,5060065,$65.74,$67.19,$64.804
11/29/2022,$65.57,1736501,$65.01,$65.88,$64.97
11/28/2022,$64.93,2570196,$65.71,$65.74,$64.65
11/25/2022,$66.33,704285,$66.00,$66.33,$65.61
11/23/2022,$65.80,1653661,$65.99,$66.31,$65.32
11/22/2022,$66.09,1896666,$65.925,$66.33,$65.38
11/21/2022,$65.15,3290256,$65.00,$65.72,$64.05
11/18/2022,$65.20,2999754,$65.64,$65.94,$64.78
11/17/2022,$65.43,3637368,$64.55,$65.64,$63.76
11/16/2022,$65.35,3064298,$66.30,$66.59,$65.06
11/15/2022,$66.72,3422090,$66.72,$67.05,$64.82
11/14/2022,$66.73,3240583,$64.93,$67.67,$64.83
11/11/2022,$64.77,5139269,$67.86,$68.10,$64.2952
11/10/2022,$67.21,4523979,$68.03,$68.03,$66.53
11/09/2022,$67.05,3595008,$67.07,$67.87,$66.735
11/08/2022,$67.19,2901471,$66.09,$67.52,$65.88
11/07/2022,$66.04,3421765,$65.33,$67.02,$65.26
11/04/2022,$65.37,5373115,$66.98,$67.27,$63.95
11/03/2022,$66.98,5408921,$65.76,$67.64,$65.73
11/02/2022,$66.91,4389154,$67.06,$68.43,$66.84
11/01/2022,$67.11,3694148,$66.03,$67.20,$65.80
10/31/2022,$65.34,3673141,$65.98,$66.50,$64.89
10/28/2022,$66.02,2951217,$66.09,$66.50,$65.2525
10/27/2022,$65.97,3822579,$66.35,$66.69,$65.81
10/26/2022,$65.87,5580992,$65.495,$66.27,$64.70
10/25/2022,$64.96,4597445,$63.01,$65.01,$62.99
10/24/2022,$63.36,3123387,$63.05,$63.77,$62.69
10/21/2022,$62.88,2566191,$61.96,$63.035,$61.38
10/20/2022,$61.93,2886462,$62.38,$62.74,$61.37
10/19/2022,$61.80,2174033,$61.225,$62.24,$61.10
10/18/2022,$61.62,2934583,$61.77,$62.40,$60.84
10/17/2022,$60.36,2693263,$59.85,$60.985,$59.85
10/14/2022,$58.73,4043244,$63.25,$63.25,$58.60
10/13/2022,$62.95,3068052,$60.11,$63.235,$59.51
10/12/2022,$60.79,2395722,$60.82,$61.065,$60.16
10/11/2022,$60.76,2198777,$60.59,$61.73,$60.26
10/10/2022,$61.05,2133348,$61.33,$61.76,$60.76
10/07/2022,$60.83,2420507,$60.70,$61.25,$60.10
10/06/2022,$60.89,3219235,$61.21,$61.96,$60.75
10/05/2022,$61.52,2978067,$61.36,$61.96,$61.01
10/04/2022,$61.76,3986666,$59.98,$61.82,$59.92
10/03/2022,$59.18,3680104,$58.48,$59.475,$57.895
09/30/2022,$57.15,3688255,$56.94,$58.00,$56.39
09/29/2022,$57.21,2431392,$57.85,$58.08,$56.59
09/28/2022,$58.38,3517694,$57.49,$58.695,$57.17
09/27/2022,$57.26,2357370,$58.25,$58.58,$56.90
09/26/2022,$57.61,3941636,$57.88,$58.9677,$57.515
09/23/2022,$57.92,2686828,$58.78,$58.81,$57.0911
09/22/2022,$59.76,3170859,$59.55,$60.59,$59.55
09/21/2022,$59.23,3101520,$62.22,$62.22,$59.20
09/20/2022,$61.40,2707085,$60.84,$61.57,$60.23
09/19/2022,$61.42,2386803,$60.50,$61.66,$60.50
09/16/2022,$61.35,7511967,$61.23,$61.60,$60.38
09/15/2022,$62.12,5786353,$63.81,$63.98,$61.965
09/14/2022,$63.81,5006467,$63.03,$64.30,$62.76
09/13/2022,$62.65,4939195,$61.06,$63.83,$61.01
09/12/2022,$62.11,4922259,$62.87,$62.87,$61.29
09/09/2022,$62.52,2021237,$62.59,$62.98,$61.795
09/08/2022,$62.04,2873519,$61.37,$62.13,$61.10
09/07/2022,$61.82,2058759,$59.885,$61.99,$59.78
09/06/2022,$60.32,2303184,$61.61,$61.75,$60.03
09/02/2022,$61.24,2644096,$61.56,$62.21,$61.00
09/01/2022,$60.81,2468438,$60.78,$60.93,$59.95
08/31/2022,$61.43,3710535,$61.74,$62.21,$61.18
08/30/2022,$61.77,2539263,$61.58,$61.87,$60.71
08/29/2022,$61.91,1803336,$61.60,$62.47,$61.35
08/26/2022,$62.32,1889205,$63.48,$63.766,$62.28
08/25/2022,$63.24,2522422,$62.41,$63.345,$62.18
08/24/2022,$61.90,2307222,$61.90,$62.47,$61.23
08/23/2022,$61.77,1952671,$61.23,$61.97,$61.23
08/22/2022,$61.04,1912766,$60.73,$61.34,$60.60
08/19/2022,$61.33,2232226,$62.05,$62.1846,$61.13
08/18/2022,$62.37,1980567,$62.29,$62.81,$62.12
08/17/2022,$61.87,1747578,$61.50,$61.90,$61.21
08/16/2022,$62.10,2523074,$61.64,$62.32,$61.64
08/15/2022,$61.61,3836196,$60.86,$61.83,$60.47
08/12/2022,$61.76,2743959,$60.47,$61.77,$60.14
08/11/2022,$60.27,1985316,$60.49,$61.05,$60.1345
08/10/2022,$60.09,2604531,$60.71,$60.945,$59.77
08/09/2022,$59.72,3022130,$59.13,$60.14,$59.13
08/08/2022,$59.09,4055622,$59.31,$60.69,$59.02
08/05/2022,$57.90,5728092,$56.97,$58.41,$56.74
08/04/2022,$55.22,3218901,$55.59,$55.75,$54.68
08/03/2022,$55.70,3164584,$56.10,$56.10,$55.56
08/02/2022,$55.74,3025200,$56.84,$56.94,$55.6903
08/01/2022,$56.90,2621627,$57.00,$57.53,$56.34
07/29/2022,$57.55,2338931,$57.43,$58.04,$57.23
07/28/2022,$56.96,2293435,$56.805,$57.2468,$56.27
07/27/2022,$56.61,2248511,$55.91,$56.895,$54.97
07/26/2022,$55.46,1692205,$55.65,$56.02,$55.05
07/25/2022,$55.47,2642959,$54.62,$55.605,$54.18
07/22/2022,$54.01,1971550,$54.05,$54.52,$53.58
07/21/2022,$53.88,1482329,$53.62,$53.91,$52.83
07/20/2022,$54.02,1679279,$53.41,$54.27,$53.375
07/19/2022,$53.74,2273130,$52.68,$54.22,$52.61
07/18/2022,$52.24,1867539,$52.56,$53.04,$52.01
07/15/2022,$52.00,2589664,$52.31,$52.49,$51.621
07/14/2022,$51.49,3560448,$51.32,$51.87,$50.03
07/13/2022,$51.97,1675241,$51.87,$52.41,$51.6259
07/12/2022,$52.56,2713275,$52.63,$53.50,$52.17
07/11/2022,$52.91,2249662,$52.16,$52.98,$52.015
07/08/2022,$52.73,2554832,$53.08,$53.22,$52.09
07/07/2022,$52.85,3879711,$53.49,$53.60,$52.76
07/06/2022,$52.04,3851515,$52.13,$52.36,$50.50
07/05/2022,$52.10,4655587,$52.79,$53.04,$51.26
07/01/2022,$54.12,2130538,$53.62,$54.44,$52.66
06/30/2022,$54.14,3588065,$53.90,$54.74,$53.57
06/29/2022,$54.53,3208180,$54.49,$54.95,$53.9775
06/28/2022,$54.27,4755394,$54.89,$55.72,$53.90
06/27/2022,$54.24,4769113,$53.71,$54.32,$53.08
06/24/2022,$53.56,8329524,$51.43,$53.60,$51.215
06/23/2022,$50.93,5882037,$53.25,$53.54,$50.755
06/22/2022,$53.43,4488630,$53.71,$54.66,$53.42
06/21/2022,$55.37,3590256,$54.46,$55.62,$53.93
06/17/2022,$53.22,12994160,$54.12,$54.53,$52.66
06/16/2022,$54.04,4879999,$54.60,$54.73,$53.68
06/15/2022,$55.53,4482706,$56.87,$57.21,$54.90
06/14/2022,$56.39,4443175,$56.24,$56.74,$55.87
06/13/2022,$56.24,3721429,$56.62,$57.19,$55.78
06/10/2022,$57.98,3551308,$60.16,$60.315,$57.97
06/09/2022,$61.08,4500873,$61.47,$61.65,$60.86
06/08/2022,$62.00,3734440,$61.86,$62.40,$61.32
06/07/2022,$62.38,3560077,$61.35,$62.53,$61.31
06/06/2022,$61.72,2699305,$62.20,$62.415,$61.38
06/03/2022,$62.00,3425023,$62.50,$62.70,$61.74
06/02/2022,$62.54,4820169,$62.72,$63.02,$62.06
06/01/2022,$62.33,4259242,$63.01,$63.27,$61.801
05/31/2022,$62.62,12551200,$62.98,$63.97,$62.36
05/27/2022,$62.91,6501955,$62.94,$63.115,$61.22
05/26/2022,$63.17,5745207,$62.52,$64.03,$62.45
05/25/2022,$62.01,5374230,$61.67,$62.46,$61.395
05/24/2022,$62.09,5808470,$60.66,$62.195,$60.25
05/23/2022,$60.91,4956259,$59.85,$61.175,$59.192
05/20/2022,$59.23,9441972,$59.47,$59.78,$58.04
05/19/2022,$59.00,6912310,$56.48,$59.076,$56.43
05/18/2022,$57.09,4319375,$57.036,$58.30,$56.86
05/17/2022,$57.61,4237988,$57.28,$57.92,$56.67
05/16/2022,$56.54,3620718,$55.41,$57.18,$55.28
05/13/2022,$55.47,3881268,$54.48,$55.935,$54.40
05/12/2022,$54.05,3748617,$53.03,$54.06,$52.68
05/11/2022,$53.60,3899595,$52.80,$54.48,$52.54
05/10/2022,$52.82,4323317,$54.25,$54.38,$52.2638
05/09/2022,$53.08,5314381,$55.035,$55.035,$52.95
05/06/2022,$55.74,5236628,$57.14,$57.27,$54.83
05/05/2022,$58.04,6842855,$56.35,$59.60,$56.33
05/04/2022,$59.14,5025379,$57.52,$59.215,$57.05
05/03/2022,$57.26,5304860,$57.41,$57.58,$56.50
05/02/2022,$57.34,5231563,$57.77,$58.00,$56.15
04/29/2022,$57.69,6933081,$58.07,$58.89,$57.57
04/28/2022,$57.82,4602194,$57.71,$58.055,$56.865
04/27/2022,$57.22,4522688,$56.93,$57.9099,$56.49
04/26/2022,$56.63,4118775,$57.24,$57.77,$56.50
04/25/2022,$57.30,4215669,$56.89,$57.53,$55.78
04/22/2022,$57.68,4987525,$59.84,$60.17,$57.19
04/21/2022,$60.21,3942253,$61.88,$62.04,$60.10
04/20/2022,$61.32,4258560,$61.56,$61.885,$60.41
04/19/2022,$61.14,3865475,$61.35,$61.83,$60.64
04/18/2022,$60.95,3289692,$61.03,$61.50,$60.72
04/14/2022,$61.01,3714367,$61.33,$61.74,$60.88
04/13/2022,$60.95,2193499,$60.84,$61.21,$60.11
04/12/2022,$60.63,2813072,$59.84,$60.73,$59.61
04/11/2022,$59.75,2487715,$59.75,$60.07,$59.35
04/08/2022,$59.64,2478899,$59.20,$60.31,$58.86
04/07/2022,$58.49,2321865,$58.22,$58.75,$57.915
04/06/2022,$58.05,2868917,$58.20,$58.74,$57.87
04/05/2022,$58.28,3220024,$58.80,$59.14,$58.04
04/04/2022,$58.67,2356832,$58.33,$58.88,$57.345
04/01/2022,$58.29,2430949,$57.91,$58.45,$57.64
03/31/2022,$57.48,4327779,$58.04,$58.94,$57.36
03/30/2022,$58.37,3440059,$58.53,$59.09,$57.99
03/29/2022,$58.03,4215056,$57.85,$58.12,$56.25
03/28/2022,$59.03,3276622,$59.34,$59.58,$58.60
03/25/2022,$59.79,4679059,$58.52,$59.81,$58.52
03/24/2022,$58.49,4758768,$57.65,$58.74,$57.62
03/23/2022,$57.41,3902542,$57.17,$57.73,$56.45
03/22/2022,$56.48,5106539,$57.25,$57.34,$56.29
03/21/2022,$56.95,5814007,$56.19,$56.98,$55.585
03/18/2022,$55.85,11274740,$55.80,$55.98,$55.04
03/17/2022,$55.79,4400013,$54.41,$55.965,$54.40
03/16/2022,$54.76,5367592,$55.49,$56.10,$53.94
03/15/2022,$54.99,5530365,$54.12,$55.44,$53.87
03/14/2022,$54.21,4971068,$53.94,$54.80,$53.21
03/11/2022,$53.65,4039079,$53.84,$55.04,$53.3588
03/10/2022,$53.59,4712610,$51.05,$53.69,$51.05
03/09/2022,$51.53,4827339,$50.41,$51.93,$50.22
03/08/2022,$50.08,5231180,$51.06,$51.74,$49.56
03/07/2022,$51.22,8059268,$51.89,$54.02,$51.10
03/04/2022,$51.48,5847236,$51.04,$51.53,$50.12
03/03/2022,$51.52,3877005,$51.65,$51.77,$50.925
03/02/2022,$51.30,4594263,$50.83,$51.81,$50.74
03/01/2022,$50.37,3091149,$52.12,$52.36,$50.02
02/28/2022,$52.03,4551885,$51.01,$52.06,$50.65
02/25/2022,$51.84,3414261,$50.29,$51.86,$50.18
02/24/2022,$50.05,3156925,$49.60,$50.155,$49.01
02/23/2022,$50.42,3330841,$50.99,$51.51,$50.31
02/22/2022,$50.67,2923917,$50.72,$51.24,$50.25
02/18/2022,$50.70,2670090,$51.49,$51.81,$50.48
02/17/2022,$51.27,2920172,$50.855,$51.58,$50.46
02/16/2022,$51.46,3283716,$51.28,$51.90,$50.90
02/15/2022,$50.89,4652874,$50.44,$51.13,$50.20
02/14/2022,$50.90,5552283,$51.20,$51.55,$50.37
02/11/2022,$51.05,3194816,$50.93,$51.74,$50.47
02/10/2022,$50.95,4628153,$51.30,$52.38,$50.70
02/09/2022,$51.54,2901535,$50.85,$51.625,$50.80
02/08/2022,$50.37,4336105,$49.65,$50.42,$49.34
02/07/2022,$49.55,4646631,$50.35,$50.50,$49.35
02/04/2022,$50.25,4931470,$48.25,$50.755,$48.25
02/03/2022,$48.53,4054994,$48.04,$49.35,$47.37
02/02/2022,$48.13,3597432,$47.87,$48.36,$47.66
02/01/2022,$47.93,4429060,$47.95,$48.34,$47.36
01/31/2022,$48.08,2573608,$47.44,$48.20,$47.26
01/28/2022,$47.46,2271496,$46.76,$47.48,$46.10
01/27/2022,$46.84,2506240,$46.48,$47.55,$46.30
01/26/2022,$46.01,2986438,$46.44,$47.11,$45.385
01/25/2022,$46.05,4314661,$45.04,$46.43,$44.22
01/24/2022,$46.07,3365474,$44.70,$46.29,$43.74
01/21/2022,$45.44,2360688,$46.17,$46.75,$45.32
01/20/2022,$46.54,2191210,$47.50,$47.98,$46.40
01/19/2022,$47.22,2530958,$48.43,$48.50,$47.17
01/18/2022,$48.14,1877989,$48.14,$48.36,$47.75
01/14/2022,$48.60,2039623,$48.32,$48.78,$47.815
01/13/2022,$48.90,2107794,$48.82,$49.41,$48.54
01/12/2022,$48.86,1988095,$48.97,$49.35,$48.49
01/11/2022,$48.41,1867019,$47.51,$48.49,$47.25
01/10/2022,$47.39,2145246,$48.30,$48.30,$46.82
01/07/2022,$48.42,2463697,$47.90,$48.80,$47.80
01/06/2022,$47.90,2685836,$47.54,$48.25,$47.07
01/05/2022,$47.24,2498577,$48.02,$48.26,$47.21
01/04/2022,$47.77,2529244,$47.11,$48.33,$47.11
01/03/2022,$46.90,2071223,$47.40,$47.78,$46.79
12/31/2021,$47.28,1457039,$46.94,$47.42,$46.88
12/30/2021,$47.12,1192163,$47.50,$47.76,$47.06
12/29/2021,$47.35,1160851,$47.21,$47.53,$47.03
12/28/2021,$47.38,1616685,$46.94,$47.54,$46.81
12/27/2021,$47.01,1310568,$46.39,$47.03,$46.25
12/23/2021,$46.44,1923810,$46.02,$46.79,$45.94
12/22/2021,$45.93,2940458,$45.85,$46.22,$45.65
12/21/2021,$45.82,2223361,$45.27,$46.12,$45.07
12/20/2021,$44.76,3372705,$45.68,$45.68,$43.89
12/17/2021,$46.08,6903462,$47.14,$47.14,$45.94
12/16/2021,$46.98,3363804,$46.44,$47.455,$46.30
12/15/2021,$46.09,2913145,$46.26,$46.26,$45.12
12/14/2021,$46.31,2425291,$46.54,$47.03,$46.125
12/13/2021,$46.63,2268762,$47.60,$47.65,$46.55
12/10/2021,$47.96,2242509,$48.40,$48.66,$47.69
12/09/2021,$48.03,1983871,$47.80,$48.42,$47.73
12/08/2021,$48.11,2712159,$48.09,$48.35,$47.4965
12/07/2021,$47.75,2661738,$47.68,$48.42,$47.49
12/06/2021,$47.10,3202452,$46.64,$47.55,$46.34
12/03/2021,$46.04,3760310,$46.25,$47.50,$45.575
12/02/2021,$46.19,2705230,$44.98,$46.50,$44.885
12/01/2021,$44.66,2598906,$45.78,$46.97,$44.64
11/30/2021,$45.00,4761851,$46.30,$46.42,$44.77
11/29/2021,$46.59,2080703,$47.295,$47.40,$46.43
11/26/2021,$46.83,1306476,$46.20,$47.01,$46.12
11/24/2021,$47.57,1291876,$47.54,$47.85,$47.27
11/23/2021,$47.90,2005211,$47.70,$47.99,$47.02
11/22/2021,$47.55,2710682,$47.95,$48.765,$47.54
11/19/2021,$47.81,3253658,$48.33,$48.49,$47.645
11/18/2021,$48.67,2404850,$48.58,$49.00,$48.28
11/17/2021,$48.35,1533076,$48.23,$48.73,$48.05
11/16/2021,$48.43,1645698,$48.87,$49.10,$48.40
11/15/2021,$48.37,1790748,$49.065,$49.40,$48.09
11/12/2021,$48.70,3811826,$47.90,$48.77,$47.835
11/11/2021,$47.69,1397380,$47.61,$48.30,$47.56
11/10/2021,$47.68,2025294,$47.45,$48.18,$47.30
11/09/2021,$47.85,2541690,$46.62,$48.1199,$46.61
11/08/2021,$46.54,4538183,$47.91,$48.18,$46.41
11/05/2021,$47.60,2727275,$47.68,$48.57,$47.30
11/04/2021,$47.40,4465876,$45.50,$47.65,$45.18
11/03/2021,$44.81,4392865,$42.62,$45.14,$42.62
11/02/2021,$42.84,4306709,$43.05,$43.34,$42.14
11/01/2021,$43.01,2651706,$43.17,$43.43,$42.85
10/29/2021,$43.15,3683941,$42.91,$43.49,$42.69
10/28/2021,$43.04,2593441,$42.19,$43.1399,$42.19
10/27/2021,$42.11,2147275,$42.46,$42.55,$42.07
10/26/2021,$42.71,1655720,$42.65,$42.855,$42.309
10/25/2021,$42.52,3361239,$42.99,$43.10,$42.49
10/22/2021,$42.75,1875722,$42.75,$43.25,$42.58
10/21/2021,$42.71,2653525,$43.83,$44.00,$42.59
10/20/2021,$44.13,2084946,$43.55,$44.53,$43.55
10/19/2021,$43.63,1418628,$43.51,$43.675,$42.93
10/18/2021,$43.28,2104569,$42.425,$43.52,$42.11
10/15/2021,$43.51,2226147,$43.68,$43.925,$43.33
10/14/2021,$43.37,1530603,$42.59,$43.61,$42.53
10/13/2021,$42.24,2374043,$42.32,$42.35,$41.37
10/12/2021,$41.95,1609019,$42.21,$42.56,$41.78
10/11/2021,$42.46,1257912,$42.93,$43.39,$42.42
10/08/2021,$42.78,1402742,$42.76,$43.1999,$42.50
10/07/2021,$42.49,2005383,$42.47,$43.05,$42.29
10/06/2021,$42.00,3050246,$42.85,$43.035,$41.5675
10/05/2021,$43.46,3173838,$42.69,$43.885,$42.48
10/04/2021,$42.55,2853882,$43.60,$43.87,$42.41
10/01/2021,$43.50,3540553,$42.35,$43.865,$42.19
09/30/2021,$42.08,2433214,$42.90,$43.08,$42.06
09/29/2021,$42.86,2024662,$43.18,$43.23,$42.61
09/28/2021,$43.04,2988446,$43.58,$44.01,$42.685
09/27/2021,$43.46,2967197,$42.37,$43.57,$42.37
09/24/2021,$42.31,2311815,$42.25,$42.55,$42.03
09/23/2021,$42.41,2644136,$42.20,$42.79,$42.12
09/22/2021,$41.94,2126662,$41.88,$42.395,$41.78
09/21/2021,$41.40,3350932,$41.67,$41.80,$41.135
09/20/2021,$41.49,2506616,$41.00,$41.57,$40.72
09/17/2021,$41.87,7032059,$42.45,$42.93,$41.31
09/16/2021,$42.58,2711222,$42.90,$42.98,$42.30
09/15/2021,$42.97,2177886,$42.30,$43.09,$42.235
09/14/2021,$42.26,1787465,$43.36,$43.46,$42.16
09/13/2021,$43.14,1907390,$43.60,$43.85,$42.62
09/10/2021,$43.42,2061251,$44.12,$44.12,$43.36
09/09/2021,$43.58,2703332,$43.92,$44.14,$43.52
09/08/2021,$44.14,3013403,$44.34,$44.60,$43.60
09/07/2021,$44.33,2455141,$44.62,$44.76,$44.29
09/03/2021,$44.92,3472010,$44.81,$45.475,$44.81
09/02/2021,$44.92,2817573,$44.44,$45.43,$44.41
09/01/2021,$44.38,2517966,$44.36,$44.495,$43.64
08/31/2021,$43.97,4187033,$43.89,$44.03,$43.48
08/30/2021,$43.76,1854876,$44.27,$44.27,$43.71
08/27/2021,$44.18,2580382,$44.23,$44.835,$44.10
08/26/2021,$43.99,3495477,$43.85,$44.535,$43.66
08/25/2021,$43.78,3784441,$42.47,$43.965,$42.27
08/24/2021,$42.55,3524640,$42.01,$42.82,$42.01
08/23/2021,$41.95,3609830,$42.17,$42.37,$41.855
08/20/2021,$41.94,3006172,$42.49,$42.81,$41.835
08/19/2021,$42.55,2458075,$43.26,$43.685,$42.47
08/18/2021,$43.94,3524719,$44.82,$45.325,$43.90
08/17/2021,$45.07,6382798,$45.00,$45.25,$44.34
08/16/2021,$45.17,4733230,$45.50,$45.66,$45.11
08/13/2021,$45.99,2872724,$46.14,$46.33,$45.90
08/12/2021,$46.06,2987426,$45.61,$46.18,$45.11
08/11/2021,$45.74,2455496,$45.65,$45.88,$45.34
08/10/2021,$45.63,3043682,$45.16,$45.83,$45.03
08/09/2021,$45.18,4724298,$44.86,$45.56,$44.56
08/06/2021,$44.76,6031183,$44.00,$45.71,$43.75
08/05/2021,$41.44,5051807,$42.33,$42.67,$41.41
08/04/2021,$42.27,2159019,$42.79,$42.89,$42.24
08/03/2021,$43.07,3147166,$42.60,$43.105,$42.27
08/02/2021,$42.48,1803254,$43.00,$43.45,$42.45
07/30/2021,$42.78,2116196,$42.81,$43.495,$42.72
07/29/2021,$43.22,2394488,$43.27,$43.78,$43.11
07/28/2021,$42.82,2819794,$42.67,$43.15,$42.45
07/27/2021,$42.53,2860152,$42.00,$42.58,$41.41
07/26/2021,$42.35,2840233,$42.26,$42.45,$41.85
07/23/2021,$42.13,1590301,$42.46,$42.46,$41.90
07/22/2021,$42.27,1458530,$42.34,$42.385,$41.725
07/21/2021,$42.21,3482731,$42.25,$42.68,$42.065
07/20/2021,$41.73,2978324,$40.91,$42.02,$40.74
07/19/2021,$40.93,4629238,$41.14,$41.32,$40.60
07/16/2021,$41.81,3419683,$42.49,$42.65,$41.595
07/15/2021,$42.42,2904396,$42.40,$43.04,$42.12
07/14/2021,$42.67,3114241,$43.10,$43.68,$42.58
07/13/2021,$43.05,2388227,$43.92,$44.10,$42.95
07/12/2021,$43.80,2485528,$42.89,$44.01,$42.69
07/09/2021,$43.45,3265598,$43.55,$43.62,$42.955
07/08/2021,$42.90,2307695,$42.94,$43.29,$42.561
07/07/2021,$43.38,3348050,$43.76,$44.35,$42.88
07/06/2021,$44.09,2183634,$44.45,$44.50,$43.82
07/02/2021,$44.50,1833914,$44.735,$44.82,$44.20
07/01/2021,$44.62,2103832,$44.54,$44.90,$44.075
06/30/2021,$44.35,3230221,$44.43,$44.465,$44.035
06/29/2021,$44.28,2121793,$44.74,$45.06,$44.19
06/28/2021,$44.34,3515001,$44.15,$44.465,$43.565
06/25/2021,$44.16,3675782,$44.65,$44.73,$44.00
06/24/2021,$44.35,3528935,$43.84,$44.875,$43.46
06/23/2021,$43.57,2627155,$43.48,$44.025,$43.48
06/22/2021,$43.49,2226126,$43.47,$43.70,$43.10
06/21/2021,$43.41,3819297,$43.15,$43.80,$43.15
06/18/2021,$42.71,7900486,$42.74,$43.19,$42.59
06/17/2021,$43.51,5380733,$43.66,$43.78,$42.51
06/16/2021,$43.70,3422055,$44.25,$44.29,$43.525
06/15/2021,$44.31,2747713,$44.09,$44.67,$43.71
06/14/2021,$43.96,2263795,$44.47,$44.56,$43.71
06/11/2021,$44.54,2942941,$44.89,$45.30,$44.30
06/10/2021,$44.56,2921808,$45.94,$46.01,$44.55
06/09/2021,$45.49,3077408,$45.85,$45.96,$45.41
06/08/2021,$45.90,2464799,$45.77,$46.35,$45.47
06/07/2021,$45.93,1988973,$46.00,$46.28,$45.21
06/04/2021,$45.96,1437598,$46.20,$46.3625,$45.81
06/03/2021,$45.98,3318115,$45.32,$46.17,$45.14
06/02/2021,$45.66,2729386,$46.11,$46.115,$45.41
06/01/2021,$45.97,2543093,$46.00,$46.172,$45.705
05/28/2021,$45.50,3028134,$45.42,$45.68,$45.15
05/27/2021,$45.18,3708616,$45.30,$45.80,$45.05
05/26/2021,$44.78,4609100,$44.78,$45.02,$44.36
05/25/2021,$44.60,3549460,$45.10,$45.715,$44.58
05/24/2021,$45.15,4032138,$45.04,$45.45,$44.913
05/21/2021,$44.70,4346073,$44.66,$45.29,$44.60
05/20/2021,$44.13,4226075,$44.79,$44.93,$44.09
05/19/2021,$44.82,3138406,$45.33,$45.43,$44.44
05/18/2021,$45.78,3353395,$45.96,$46.29,$45.70
05/17/2021,$46.22,4149014,$46.54,$46.67,$45.89
05/14/2021,$46.32,2211850,$46.33,$46.79,$46.10
05/13/2021,$45.92,6047403,$45.20,$46.23,$44.88
05/12/2021,$45.18,4909574,$47.53,$47.60,$45.04
05/11/2021,$47.09,4086405,$46.29,$47.25,$45.70
05/10/2021,$46.99,5547312,$49.19,$49.98,$46.84
05/07/2021,$48.86,3362798,$48.28,$49.2925,$48.18
05/06/2021,$48.41,3228853,$47.81,$48.45,$46.57
05/05/2021,$47.68,4184315,$47.55,$47.99,$46.28
05/04/2021,$49.79,3447129,$49.00,$49.84,$48.76
05/03/2021,$49.73,2480708,$49.23,$49.98,$49.07
04/30/2021,$48.76,2426066,$49.40,$49.755,$48.70
04/29/2021,$49.56,1808989,$49.56,$49.73,$49.02
04/28/2021,$49.19,2641622,$49.42,$49.81,$49.06
04/27/2021,$49.16,2083449,$48.79,$49.27,$48.60
04/26/2021,$48.87,1890018,$48.72,$49.34,$48.645
04/23/2021,$48.63,2501287,$48.09,$48.915,$47.95
04/22/2021,$48.08,3445566,$48.34,$48.87,$47.69
04/21/2021,$48.28,2732634,$46.88,$48.30,$46.73
04/20/2021,$46.96,2421930,$47.36,$47.825,$46.66
04/19/2021,$47.52,3157164,$47.71,$47.88,$46.90
04/16/2021,$47.50,2834909,$47.97,$48.14,$47.29
04/15/2021,$47.52,2190343,$47.59,$47.715,$46.8725
04/14/2021,$47.22,2958067,$46.83,$47.64,$46.77
04/13/2021,$46.87,2542725,$47.11,$47.20,$46.51
04/12/2021,$47.10,2449860,$47.36,$47.65,$46.83
04/09/2021,$47.13,2552897,$47.27,$47.645,$46.82
04/08/2021,$46.93,2181874,$46.51,$47.12,$46.18
04/07/2021,$46.75,2208881,$47.80,$47.80,$46.54
04/06/2021,$47.74,2541379,$47.10,$47.97,$46.90
04/05/2021,$47.04,3039123,$46.88,$47.24,$46.64
04/01/2021,$46.74,2976933,$46.94,$46.98,$46.04
03/31/2021,$46.62,3814147,$46.86,$47.29,$46.255
03/30/2021,$46.94,2573042,$47.58,$47.89,$46.74
03/29/2021,$47.77,4063402,$47.78,$48.48,$47.52
03/26/2021,$47.91,3358654,$47.35,$48.05,$46.91
03/25/2021,$46.78,3739814,$45.93,$47.11,$45.60
03/24/2021,$46.19,3425171,$46.17,$46.81,$45.99
03/23/2021,$45.85,4287183,$46.69,$47.00,$45.57
03/22/2021,$47.30,3358922,$47.60,$47.96,$46.85
03/19/2021,$47.07,9286777,$46.73,$47.67,$46.07
03/18/2021,$46.96,3208172,$47.25,$47.98,$46.615
03/17/2021,$47.26,2711149,$46.20,$47.30,$46.185
03/16/2021,$46.17,2300394,$46.83,$46.88,$45.8624
03/15/2021,$46.83,2993378,$46.86,$46.90,$45.55
03/12/2021,$46.90,2176699,$47.00,$47.09,$46.23
03/11/2021,$46.86,2487730,$47.25,$47.67,$46.75
03/10/2021,$47.00,3388465,$45.02,$47.14,$44.90
03/09/2021,$44.71,3973915,$45.03,$45.46,$44.56
03/08/2021,$44.90,3485328,$45.34,$46.31,$44.86
03/05/2021,$44.84,2853605,$44.35,$45.015,$42.90
03/04/2021,$43.85,3530294,$45.09,$45.34,$43.07
03/03/2021,$45.34,2842431,$45.56,$45.96,$45.10
03/02/2021,$45.78,2935832,$46.33,$46.81,$45.72
03/01/2021,$46.27,2553405,$45.82,$46.74,$45.76
02/26/2021,$45.15,4889337,$45.22,$45.78,$44.37
02/25/2021,$45.36,2920513,$46.66,$46.66,$45.03
02/24/2021,$46.41,3217034,$46.49,$47.15,$46.32
02/23/2021,$46.43,6306042,$46.51,$46.895,$45.88
02/22/2021,$46.68,4308710,$45.58,$46.76,$45.11
02/19/2021,$45.47,3558446,$44.36,$45.86,$44.30
02/18/2021,$44.20,3106420,$44.91,$45.08,$43.44
02/17/2021,$44.98,1877553,$45.00,$45.175,$44.22
02/16/2021,$45.28,2532400,$44.32,$45.355,$44.31
02/12/2021,$44.37,1973643,$43.55,$44.455,$43.525
02/11/2021,$43.54,3030170,$42.96,$43.80,$42.88
02/10/2021,$43.04,3234732,$43.46,$43.55,$42.24
02/09/2021,$43.43,4515596,$43.67,$43.98,$43.21
02/08/2021,$43.61,2719501,$43.94,$44.14,$43.30
02/05/2021,$43.90,3533277,$44.68,$44.93,$43.75
02/04/2021,$42.66,3403335,$41.85,$43.33,$41.20
02/03/2021,$41.86,2668653,$41.53,$42.14,$41.2225
02/02/2021,$41.49,2451367,$41.28,$41.86,$41.08
02/01/2021,$40.71,2761917,$40.14,$41.09,$39.86
01/29/2021,$39.86,3686822,$39.93,$40.39,$39.38
01/28/2021,$40.29,4019079,$39.25,$40.63,$39.14
01/27/2021,$38.69,5413581,$38.83,$38.87,$36.54
01/26/2021,$39.48,3252156,$41.59,$41.83,$39.47
01/25/2021,$41.30,4729569,$41.66,$41.85,$40.09
01/22/2021,$42.06,5238957,$41.28,$42.28,$41.05
01/21/2021,$41.65,6190580,$43.79,$44.36,$41.33
01/20/2021,$43.66,2660876,$43.88,$43.90,$43.29
01/19/2021,$43.53,2507927,$43.70,$43.81,$42.90
01/15/2021,$43.75,3792192,$43.88,$43.99,$43.05
01/14/2021,$44.21,2113071,$44.31,$44.74,$44.06
01/13/2021,$44.13,2634721,$44.48,$44.96,$43.46
01/12/2021,$44.58,4565373,$43.50,$44.85,$43.08
01/11/2021,$43.62,3624073,$42.64,$43.76,$42.455
01/08/2021,$43.25,4667516,$42.52,$43.33,$42.17
01/07/2021,$41.80,3986208,$41.65,$42.49,$41.38
01/06/2021,$41.07,4991444,$39.32,$41.51,$38.99
01/05/2021,$38.82,2647663,$38.28,$39.05,$38.22
01/04/2021,$38.35,3693717,$38.87,$39.20,$38.09
12/31/2020,$38.72,2316766,$38.66,$38.97,$38.29
12/30/2020,$38.44,3396803,$38.19,$38.69,$38.01
12/29/2020,$37.94,3183934,$38.67,$38.92,$37.675
12/28/2020,$38.35,2545945,$39.37,$39.57,$38.32
12/24/2020,$39.50,847621,$39.03,$39.55,$39.03
12/23/2020,$39.18,2330783,$39.11,$39.54,$39.11
12/22/2020,$38.98,2713807,$39.61,$39.715,$38.95
12/21/2020,$39.55,2894338,$38.66,$39.62,$38.321
12/18/2020,$39.41,9395218,$39.42,$39.68,$38.825
12/17/2020,$39.68,4322032,$39.33,$39.70,$39.212
12/16/2020,$39.08,3164683,$39.30,$39.30,$38.62
12/15/2020,$39.22,3789059,$39.24,$39.3184,$38.24
12/14/2020,$38.76,3593995,$40.00,$40.23,$38.715
12/11/2020,$38.39,3131011,$38.31,$38.70,$38.06
12/10/2020,$38.74,3124009,$38.67,$39.23,$38.49
12/09/2020,$39.01,3293831,$38.47,$39.37,$38.46
12/08/2020,$38.42,4178090,$37.76,$38.455,$37.61
12/07/2020,$37.94,3012869,$38.49,$38.775,$37.835
12/04/2020,$38.65,3633546,$38.39,$38.82,$38.25
12/03/2020,$38.21,2874223,$38.16,$38.62,$37.86
12/02/2020,$38.27,3503803,$38.13,$38.675,$37.91
12/01/2020,$38.31,3367525,$38.70,$39.44,$38.24
11/30/2020,$38.32,4864602,$38.41,$38.59,$37.74
11/27/2020,$38.41,1368518,$38.54,$38.97,$38.32
11/25/2020,$38.58,2738902,$38.78,$38.89,$38.325
11/24/2020,$38.90,4449413,$38.16,$39.01,$37.91
11/23/2020,$37.79,2712124,$37.53,$38.30,$37.52
11/20/2020,$37.16,2536475,$36.935,$37.27,$36.85
11/19/2020,$36.96,3274134,$36.64,$37.31,$36.39
11/18/2020,$36.69,2329434,$37.24,$37.54,$36.69
11/17/2020,$37.02,3706195,$37.01,$37.295,$36.56
11/16/2020,$37.43,3498139,$36.90,$37.57,$36.34
11/13/2020,$36.01,3362175,$35.13,$36.22,$35.13
11/12/2020,$35.06,3750481,$36.34,$36.34,$34.865
11/11/2020,$36.63,4494531,$36.37,$36.90,$36.15
11/10/2020,$36.23,6713314,$34.75,$36.39,$34.75
11/09/2020,$34.64,4633890,$34.99,$36.28,$34.60
11/06/2020,$33.70,2576803,$34.19,$34.3888,$33.615
11/05/2020,$33.94,3876232,$33.15,$34.45,$33.09
11/04/2020,$32.78,3832378,$32.96,$33.385,$32.11
11/03/2020,$32.93,3620630,$33.40,$33.55,$32.53
11/02/2020,$33.48,3722347,$33.28,$33.84,$33.10
10/30/2020,$32.98,4327679,$32.39,$32.98,$32.11
10/29/2020,$32.50,3935998,$31.60,$32.685,$31.54
10/28/2020,$31.86,3974030,$31.46,$32.12,$31.16
10/27/2020,$32.34,2268415,$32.78,$32.84,$32.33
10/26/2020,$32.71,2679153,$32.83,$33.00,$32.205
10/23/2020,$33.17,3552384,$33.15,$33.495,$33.04
10/22/2020,$33.13,2646252,$32.94,$33.37,$32.75
10/21/2020,$32.90,3451405,$33.10,$33.29,$32.731
10/20/2020,$33.07,3697381,$33.74,$33.75,$32.9201
10/19/2020,$33.52,5716511,$34.26,$34.54,$33.19
10/16/2020,$34.08,2802175,$34.33,$34.41,$34.07
10/15/2020,$33.99,3035106,$33.18,$34.095,$33.18
10/14/2020,$33.82,3363739,$33.79,$34.36,$33.47
10/13/2020,$33.70,5405359,$33.31,$33.77,$33.012
10/12/2020,$33.59,3968146,$33.61,$33.86,$33.31
10/09/2020,$33.43,5323332,$32.45,$33.69,$32.29
10/08/2020,$32.33,7033580,$31.785,$32.64,$31.296
10/07/2020,$30.53,5575586,$30.41,$31.08,$30.37
10/06/2020,$30.09,4972401,$30.34,$30.755,$30.03
10/05/2020,$30.11,5166316,$29.77,$30.28,$29.77
10/02/2020,$29.37,4851511,$28.40,$29.78,$28.29
10/01/2020,$28.68,4918397,$28.88,$29.31,$28.61
09/30/2020,$28.81,8009369,$28.77,$29.54,$28.525
09/29/2020,$28.59,1972054,$28.77,$29.02,$28.485
09/28/2020,$28.97,2714421,$28.82,$29.32,$28.75
09/25/2020,$28.38,2556320,$27.37,$28.535,$27.31
09/24/2020,$27.63,3031670,$27.46,$27.955,$27.18
09/23/2020,$27.46,4874210,$27.91,$28.31,$27.39
09/22/2020,$28.09,5703542,$28.09,$28.24,$27.81
09/21/2020,$28.22,6130210,$28.19,$28.52,$27.915
09/18/2020,$28.99,7175644,$29.63,$29.72,$28.855
09/17/2020,$29.58,5728463,$28.90,$29.76,$28.74
09/16/2020,$29.23,5771304,$29.59,$29.96,$29.135
09/15/2020,$29.45,3128210,$29.06,$29.69,$29.03
09/14/2020,$28.97,3917858,$29.11,$29.43,$28.845
09/11/2020,$29.02,3131393,$29.34,$29.45,$28.93
09/10/2020,$29.14,4137964,$28.72,$29.26,$28.69
09/09/2020,$28.74,2817967,$28.54,$29.41,$28.51
09/08/2020,$28.30,4213521,$29.07,$29.07,$28.23
09/04/2020,$29.32,5136770,$29.80,$30.12,$29.055
09/03/2020,$29.41,3801120,$29.92,$30.21,$29.11
09/02/2020,$30.13,3610156,$29.33,$30.19,$29.12
09/01/2020,$29.44,3806206,$28.58,$29.45,$28.42
08/31/2020,$28.55,3974808,$29.43,$29.43,$28.53
08/28/2020,$29.52,3206258,$29.40,$29.82,$29.13
08/27/2020,$29.29,1791335,$29.24,$29.45,$29.055
08/26/2020,$29.23,2458279,$28.65,$29.28,$28.43
08/25/2020,$28.65,2343959,$28.70,$29.17,$28.61
08/24/2020,$28.54,4409533,$28.87,$28.98,$28.20
08/21/2020,$28.44,6864286,$28.64,$28.70,$28.015
08/20/2020,$28.80,4583464,$28.25,$28.80,$28.17
08/19/2020,$28.56,5122041,$28.15,$28.61,$28.00
08/18/2020,$28.40,3124710,$27.85,$28.42,$27.81
08/17/2020,$27.77,9274987,$27.89,$28.14,$27.3333
08/14/2020,$27.87,5367304,$26.75,$28.11,$26.56
08/13/2020,$26.92,9040551,$26.33,$27.00,$26.08
08/12/2020,$26.36,5141333,$27.20,$27.30,$26.13
08/11/2020,$26.78,8120089,$25.89,$27.03,$25.745
08/10/2020,$25.42,8355810,$25.04,$25.63,$24.98
08/07/2020,$25.32,7459980,$25.34,$25.50,$24.83
08/06/2020,$25.42,11668160,$26.88,$27.25,$25.22
08/05/2020,$28.55,5503616,$29.00,$29.14,$28.55
08/04/2020,$28.71,4663450,$28.50,$28.998,$28.43
08/03/2020,$28.52,3600622,$28.78,$28.90,$28.47
07/31/2020,$28.56,7305092,$28.40,$28.70,$28.02
07/30/2020,$28.48,3312088,$28.22,$28.53,$27.79
07/29/2020,$28.81,2840177,$28.13,$28.83,$28.13
07/28/2020,$28.19,3500633,$28.66,$28.76,$28.13
07/27/2020,$28.81,2683094,$28.56,$29.00,$28.48
07/24/2020,$28.52,1877399,$28.74,$28.81,$28.31
07/23/2020,$28.67,2428155,$28.47,$28.92,$28.325
07/22/2020,$28.66,1954346,$28.04,$28.68,$28.04
07/21/2020,$28.35,3064249,$27.86,$28.45,$27.86
07/20/2020,$27.72,1677290,$28.13,$28.26,$27.72
07/17/2020,$28.35,2704460,$28.06,$28.43,$27.75
07/16/2020,$27.92,1977322,$27.75,$28.255,$27.715
07/15/2020,$27.94,2994244,$27.86,$28.05,$27.42
07/14/2020,$27.08,8446000,$26.67,$27.24,$26.51
07/13/2020,$26.84,2782577,$27.11,$27.18,$26.60
07/10/2020,$26.62,2464116,$25.83,$26.62,$25.70
07/09/2020,$25.75,4392192,$26.03,$26.055,$25.44
07/08/2020,$25.86,5560406,$27.08,$27.13,$25.44
07/07/2020,$27.14,5931785,$27.27,$27.27,$26.90
07/06/2020,$27.53,3668373,$28.22,$28.22,$27.08
07/02/2020,$27.57,3766400,$27.38,$28.11,$27.38
07/01/2020,$27.04,4838028,$26.95,$27.40,$26.46
06/30/2020,$26.79,4590513,$26.12,$27.08,$25.80
06/29/2020,$26.14,3931027,$26.35,$26.63,$26.04
06/26/2020,$25.92,4319174,$26.11,$26.16,$25.535
06/25/2020,$26.20,5600453,$25.98,$26.37,$25.72
06/24/2020,$26.07,3985050,$26.87,$26.92,$26.03
06/23/2020,$27.42,3022677,$27.84,$27.91,$27.37
06/22/2020,$27.58,3936684,$26.97,$27.65,$26.51
06/19/2020,$27.13,6686364,$27.99,$27.99,$26.73
06/18/2020,$27.48,4402031,$27.35,$27.57,$27.21
06/17/2020,$27.35,5295315,$27.77,$27.89,$27.07
06/16/2020,$27.82,8797086,$28.38,$28.72,$27.45
06/15/2020,$26.77,5109026,$26.74,$27.11,$26.52
06/12/2020,$27.54,3843943,$28.44,$28.49,$27.20
06/11/2020,$27.10,5928475,$28.43,$28.44,$27.02
06/10/2020,$29.14,4184385,$29.48,$30.13,$29.14
06/09/2020,$29.59,5365186,$29.64,$29.965,$29.08
06/08/2020,$30.01,4850436,$29.69,$30.82,$29.31
06/05/2020,$30.65,4189569,$31.00,$31.69,$30.49
06/04/2020,$30.17,6759131,$28.80,$30.18,$28.63
06/03/2020,$28.50,3287741,$28.17,$28.95,$28.15
06/02/2020,$28.01,4302508,$26.93,$28.03,$26.75
06/01/2020,$26.82,3167131,$27.10,$27.25,$26.50
05/29/2020,$27.31,6293721,$26.73,$27.43,$26.71
05/28/2020,$26.99,4069241,$26.26,$27.47,$25.92
05/27/2020,$25.80,5831014,$25.89,$26.175,$25.46
05/26/2020,$25.64,3797837,$25.43,$26.06,$25.20
05/22/2020,$24.54,3830587,$24.50,$24.67,$24.25
05/21/2020,$24.55,4020994,$24.94,$25.48,$24.51
05/20/2020,$25.09,4719583,$24.68,$25.605,$24.65
05/19/2020,$23.99,6195939,$24.11,$24.38,$23.59
05/18/2020,$24.01,5834642,$23.69,$24.28,$23.04
05/15/2020,$22.77,3601240,$23.20,$23.27,$22.62
05/14/2020,$23.32,3357428,$22.77,$23.36,$22.38
05/13/2020,$23.27,4581554,$23.15,$23.40,$22.38
05/12/2020,$23.25,4881066,$24.29,$24.45,$23.22
05/11/2020,$24.38,6871867,$25.10,$25.15,$24.29
05/08/2020,$25.98,4765234,$26.72,$26.97,$25.46
05/07/2020,$26.45,4475311,$25.97,$27.25,$25.97
05/06/2020,$25.01,3304536,$26.19,$26.73,$25.01
05/05/2020,$26.18,2412336,$25.40,$26.51,$25.21
05/04/2020,$25.42,4121595,$25.15,$25.46,$24.8181
05/01/2020,$25.49,2457553,$25.83,$25.83,$25.09
04/30/2020,$26.19,2678337,$26.70,$26.70,$25.86
04/29/2020,$27.05,2008794,$26.82,$27.26,$26.46
04/28/2020,$26.19,3812760,$26.15,$26.515,$25.81
04/27/2020,$25.56,4908805,$26.33,$26.56,$25.51
04/24/2020,$26.27,3853894,$25.58,$26.68,$25.38
04/23/2020,$25.40,2754488,$25.28,$25.84,$25.01
04/22/2020,$24.94,3936727,$24.75,$25.215,$24.29
04/21/2020,$24.27,5773931,$24.01,$24.95,$23.86
04/20/2020,$24.63,4242479,$25.86,$25.86,$24.57
04/17/2020,$25.51,5697261,$25.94,$26.315,$24.92
04/16/2020,$25.16,2663544,$25.38,$25.7439,$24.58
04/15/2020,$25.51,2927130,$26.07,$26.15,$24.615
04/14/2020,$26.44,2853254,$27.59,$27.845,$26.04
04/13/2020,$26.56,3453959,$27.32,$27.49,$25.90
04/09/2020,$27.93,6076950,$26.20,$28.07,$26.20
04/08/2020,$26.05,4232050,$24.55,$26.17,$24.41
04/07/2020,$24.53,5777108,$25.00,$25.93,$24.35
04/06/2020,$24.26,6132496,$23.50,$24.5724,$23.22
04/03/2020,$22.62,5961105,$22.21,$23.05,$22.12
04/02/2020,$22.24,6302004,$22.85,$23.43,$21.8172
04/01/2020,$22.51,6706559,$23.25,$23.60,$22.35
03/31/2020,$23.50,4090725,$24.23,$24.57,$23.35
03/30/2020,$24.09,4469480,$23.28,$24.32,$22.91
03/27/2020,$23.21,4538768,$23.11,$24.81,$22.665
03/26/2020,$24.14,7085701,$23.11,$24.85,$22.885
03/25/2020,$23.40,5823547,$22.75,$25.14,$22.14
03/24/2020,$22.33,8305613,$23.01,$23.97,$21.50
03/23/2020,$21.92,8693510,$22.22,$23.5294,$21.42
03/20/2020,$22.53,10607100,$23.20,$23.24,$21.11
03/19/2020,$23.26,5291444,$21.18,$24.80,$20.54
03/18/2020,$21.57,7526197,$21.08,$23.40,$20.38
03/17/2020,$22.67,7555338,$21.23,$24.14,$20.72
03/16/2020,$20.74,6308424,$21.51,$23.34,$20.565
03/13/2020,$24.82,7214527,$23.83,$25.00,$21.55
03/12/2020,$22.34,6448061,$22.87,$24.95,$22.26
03/11/2020,$25.00,6382325,$25.01,$25.66,$24.45
03/10/2020,$25.91,6696229,$24.40,$25.99,$23.88
03/09/2020,$23.07,7758588,$23.28,$24.32,$22.87
03/06/2020,$25.30,5843681,$26.52,$26.58,$24.92
03/05/2020,$27.31,3974272,$28.00,$28.425,$27.16
03/04/2020,$28.90,6341446,$28.19,$28.92,$27.81
03/03/2020,$27.92,8503866,$28.48,$29.26,$27.49
03/02/2020,$28.24,7440084,$27.27,$28.26,$26.8623
02/28/2020,$27.20,9733075,$26.53,$27.20,$25.86
02/27/2020,$27.29,4702613,$28.12,$28.67,$27.24
02/26/2020,$28.50,4157892,$28.41,$29.333,$28.32
02/25/2020,$28.38,5045610,$30.62,$30.82,$28.23
02/24/2020,$30.66,3441372,$30.47,$30.89,$30.27
02/21/2020,$31.22,3955168,$31.35,$31.67,$31.18
02/20/2020,$31.57,2460271,$31.37,$32.08,$31.32
02/19/2020,$31.52,3042661,$31.40,$31.80,$31.22
02/18/2020,$31.40,3524721,$30.68,$31.48,$30.61
02/14/2020,$30.71,3895593,$30.66,$30.93,$30.58
02/13/2020,$30.60,4542977,$30.68,$31.04,$30.455
02/12/2020,$30.94,3023394,$30.74,$31.09,$30.65
02/11/2020,$30.51,3705408,$30.66,$31.35,$30.41
02/10/2020,$30.60,3416571,$30.74,$31.015,$30.465
02/07/2020,$31.04,3716132,$31.41,$31.43,$30.795
02/06/2020,$31.59,6383642,$32.00,$32.07,$31.30
02/05/2020,$31.71,5745328,$30.32,$31.71,$29.69
02/04/2020,$30.95,5853577,$30.61,$31.11,$30.045
02/03/2020,$30.12,9448596,$29.06,$30.26,$28.82
01/31/2020,$28.92,6788289,$28.78,$29.15,$28.46
01/30/2020,$29.24,9762210,$27.94,$29.4465,$27.60
01/29/2020,$27.80,3499636,$27.55,$27.99,$27.51
01/28/2020,$27.56,5618817,$27.30,$27.58,$27.00
01/27/2020,$27.16,4195039,$27.23,$27.53,$26.97
01/24/2020,$27.95,4996225,$28.31,$28.355,$27.71
01/23/2020,$28.45,4139576,$28.01,$28.51,$27.51
01/22/2020,$28.16,8672917,$27.82,$28.25,$27.50
01/21/2020,$27.82,5514022,$28.06,$28.35,$27.71
01/17/2020,$28.30,8668631,$28.46,$28.63,$27.63
01/16/2020,$29.22,5848065,$28.77,$29.26,$28.525
01/15/2020,$28.68,6336849,$28.65,$28.89,$28.475
01/14/2020,$28.64,5370642,$28.56,$28.79,$28.30
01/13/2020,$28.58,4735076,$28.34,$28.60,$28.155
01/10/2020,$28.35,4498835,$28.81,$28.93,$28.32
01/09/2020,$28.73,3703180,$28.80,$28.85,$28.38
01/08/2020,$28.70,3684516,$28.50,$28.78,$28.10
01/07/2020,$28.47,6014824,$28.31,$28.72,$28.17
01/06/2020,$28.36,6978014,$28.08,$28.501,$27.975
01/03/2020,$28.40,5611370,$28.42,$28.90,$28.36
01/02/2020,$28.74,6861168,$29.81,$29.81,$28.72
12/31/2019,$29.56,3414469,$28.85,$29.59,$28.81
12/30/2019,$28.86,2795600,$29.13,$29.23,$28.79
12/27/2019,$29.14,2738249,$29.20,$29.28,$28.98
12/26/2019,$29.19,2599316,$28.68,$29.20,$28.63
12/24/2019,$28.81,1698400,$28.60,$29.04,$28.38
12/23/2019,$28.66,5970770,$28.19,$28.745,$28.10
12/20/2019,$28.18,30573880,$27.68,$28.25,$27.44
12/19/2019,$27.71,11975070,$27.74,$28.27,$27.46
12/18/2019,$27.82,13869010,$26.71,$27.94,$26.49
12/17/2019,$26.77,9227942,$27.26,$27.55,$26.58
12/16/2019,$27.55,9527411,$26.94,$27.56,$26.85
12/13/2019,$26.49,6268809,$26.98,$27.15,$26.46
12/12/2019,$26.98,4930212,$26.12,$27.075,$26.00
12/11/2019,$26.20,5215574,$25.89,$26.27,$25.83
12/10/2019,$25.87,5134623,$25.69,$25.88,$25.42
12/09/2019,$25.77,6632063,$25.47,$26.13,$25.395
12/06/2019,$25.26,5835804,$25.00,$25.56,$24.94
12/05/2019,$24.82,7851001,$24.97,$25.09,$24.10
12/04/2019,$24.84,13263240,$24.90,$25.2115,$24.62
12/03/2019,$24.65,8687868,$24.82,$24.87,$24.30
12/02/2019,$25.18,7236846,$26.03,$26.14,$25.04
11/29/2019,$26.02,8233114,$25.97,$26.08,$25.55
11/27/2019,$26.05,6745579,$25.77,$26.22,$25.68
11/26/2019,$25.88,7586654,$25.78,$26.205,$25.70
11/25/2019,$25.93,6144499,$25.74,$26.11,$25.65
11/22/2019,$25.54,11218400,$25.03,$25.575,$25.03
11/21/2019,$25.11,4196417,$24.98,$25.41,$24.93
11/20/2019,$24.98,4536017,$25.62,$25.70,$24.915
11/19/2019,$25.70,4158198,$25.55,$25.925,$25.31
11/18/2019,$25.48,4656626,$25.48,$25.765,$25.36
11/15/2019,$25.48,5010386,$26.57,$26.62,$25.435
11/14/2019,$26.38,7277176,$25.71,$26.86,$25.71
11/13/2019,$25.72,3782888,$26.50,$26.54,$25.46
11/12/2019,$26.72,4665473,$26.93,$27.24,$26.53
11/11/2019,$26.74,3260092,$26.04,$26.74,$25.69
11/08/2019,$26.20,2999602,$26.10,$26.3628,$25.91
11/07/2019,$26.15,4555424,$26.47,$26.48,$26.12
11/06/2019,$26.13,6597501,$25.82,$26.32,$25.72
11/05/2019,$25.66,8244535,$25.48,$26.03,$24.76
11/04/2019,$25.74,8326430,$26.17,$26.42,$25.65
11/01/2019,$26.18,10087630,$26.18,$26.60,$25.51
10/31/2019,$26.38,7305138,$26.50,$27.48,$25.25
10/30/2019,$27.48,5993468,$27.05,$27.59,$26.91
10/29/2019,$26.78,2837552,$26.51,$27.24,$26.42
10/28/2019,$26.77,2944218,$26.79,$27.14,$26.60
10/25/2019,$26.73,2676918,$26.37,$26.96,$26.24
10/24/2019,$26.37,5409122,$25.63,$26.55,$25.50
10/23/2019,$25.61,4140244,$25.89,$26.02,$25.215
10/22/2019,$25.98,4168435,$25.51,$26.05,$25.23
10/21/2019,$25.50,3323084,$26.29,$26.58,$25.43
10/18/2019,$26.04,4342988,$26.60,$26.64,$25.64
10/17/2019,$26.77,2196617,$27.05,$27.21,$26.66
10/16/2019,$26.87,3024537,$26.35,$27.23,$26.29
10/15/2019,$26.70,3828571,$26.22,$27.09,$26.065
10/14/2019,$26.33,3123734,$26.40,$26.77,$26.20
10/11/2019,$26.66,4588210,$26.10,$27.12,$25.99
10/10/2019,$25.73,3023139,$26.17,$26.72,$25.71
10/09/2019,$26.17,3918581,$26.79,$26.83,$25.74
10/08/2019,$26.22,6225601,$25.64,$26.43,$25.59
10/07/2019,$26.00,5475018,$26.00,$26.47,$25.73
10/04/2019,$25.89,4890513,$27.00,$27.0377,$25.8014
10/03/2019,$26.88,3641424,$26.91,$27.16,$26.51
10/02/2019,$26.94,5328899,$27.15,$27.67,$26.62
10/01/2019,$27.55,5864914,$28.03,$28.38,$27.2301
09/30/2019,$28.00,6270464,$27.90,$28.35,$27.76
09/27/2019,$27.80,4553784,$27.55,$28.23,$27.31
09/26/2019,$27.64,3534496,$28.11,$28.20,$27.49
09/25/2019,$28.20,3155195,$28.22,$28.50,$27.77
09/24/2019,$28.24,2891413,$28.71,$28.99,$27.9611
09/23/2019,$28.88,3316608,$28.64,$29.00,$28.445
09/20/2019,$28.92,6883232,$29.35,$29.57,$28.85
09/19/2019,$29.14,3232545,$29.26,$29.71,$29.06
09/18/2019,$29.15,3614793,$28.75,$29.46,$28.75
09/17/2019,$28.98,5334173,$29.32,$29.47,$28.96
09/16/2019,$29.40,3300655,$30.05,$30.06,$28.84
09/13/2019,$30.12,4919562,$30.04,$30.35,$29.90
09/12/2019,$29.90,7967629,$29.50,$30.09,$28.90
09/11/2019,$29.27,3033616,$28.50,$29.30,$28.11
09/10/2019,$28.56,3682943,$28.70,$29.13,$28.14
09/09/2019,$28.75,4661139,$28.35,$28.82,$28.02
09/06/2019,$28.39,5140041,$28.45,$28.81,$27.89
09/05/2019,$28.46,4972729,$28.74,$28.99,$27.95
09/04/2019,$28.43,2965392,$28.62,$28.84,$28.17
09/03/2019,$28.23,3307598,$28.99,$29.10,$28.00
08/30/2019,$29.32,5270170,$30.00,$30.03,$29.26
08/29/2019,$29.71,3135601,$29.55,$30.2283,$29.52
08/28/2019,$29.17,5091769,$28.48,$29.53,$28.31
08/27/2019,$28.73,3528683,$29.15,$29.43,$28.535
08/26/2019,$29.02,3479870,$29.35,$29.475,$28.67
08/23/2019,$29.05,4222239,$29.80,$30.1598,$28.81
08/22/2019,$30.29,3351355,$30.78,$30.95,$30.21
08/21/2019,$30.58,2815386,$30.30,$30.98,$30.28
08/20/2019,$30.26,3073736,$30.62,$30.68,$30.09
08/19/2019,$30.57,4207252,$30.75,$30.84,$30.25
08/16/2019,$30.24,4285068,$28.69,$30.31,$28.5601
08/15/2019,$28.42,3561576,$28.93,$29.23,$27.93
08/14/2019,$28.34,4580051,$29.12,$29.36,$28.28
08/13/2019,$29.60,6858183,$29.33,$30.15,$29.19
08/12/2019,$29.63,7112497,$31.49,$31.83,$29.51
08/09/2019,$31.63,4761614,$31.94,$32.00,$31.22
08/08/2019,$31.61,3962550,$30.71,$31.79,$30.67
08/07/2019,$30.64,4925218,$29.58,$30.83,$29.43
08/06/2019,$30.05,5355879,$30.06,$30.22,$29.47
08/05/2019,$29.90,5552538,$30.63,$30.97,$29.64
08/02/2019,$31.46,7305783,$30.94,$31.54,$30.85
08/01/2019,$31.25,11564160,$29.50,$32.78,$29.45
07/31/2019,$29.50,7662047,$29.10,$30.15,$28.71
07/30/2019,$29.13,7142273,$28.00,$29.29,$27.80
07/29/2019,$28.78,6245243,$28.36,$28.95,$28.32
07/26/2019,$28.48,3052703,$27.72,$28.525,$27.65
07/25/2019,$28.02,3532155,$28.10,$28.40,$27.75
07/24/2019,$28.32,2311843,$27.77,$28.52,$27.63
07/23/2019,$28.12,2921396,$27.65,$28.48,$27.45
07/22/2019,$27.76,2546126,$27.34,$27.85,$27.21
07/19/2019,$27.39,4694910,$26.79,$27.48,$26.64
07/18/2019,$26.65,3035241,$26.58,$26.98,$26.413
07/17/2019,$26.88,3999305,$27.60,$27.71,$26.85
07/16/2019,$27.86,3735879,$27.93,$28.50,$27.715
07/15/2019,$28.08,3443097,$27.41,$28.27,$27.40
07/12/2019,$27.60,5154558,$26.42,$27.73,$26.26
07/11/2019,$26.43,6066191,$26.55,$26.80,$25.96
07/10/2019,$26.50,5133693,$26.81,$27.00,$26.44
07/09/2019,$26.99,5286013,$27.47,$27.77,$26.83
07/08/2019,$27.77,3478698,$28.39,$28.39,$27.64
07/05/2019,$28.64,2888235,$28.45,$29.32,$28.26
07/03/2019,$28.80,2234906,$28.78,$28.90,$28.20
07/02/2019,$28.99,5438576,$29.50,$29.60,$28.14
07/01/2019,$29.68,5290363,$29.58,$30.75,$28.95
06/28/2019,$29.57,15517800,$29.60,$29.75,$29.26
06/27/2019,$29.57,5879610,$29.38,$30.33,$29.26
06/26/2019,$29.26,6735131,$27.93,$29.375,$27.85
06/25/2019,$27.67,6698570,$28.02,$28.09,$27.48
06/24/2019,$28.01,6495057,$27.14,$28.45,$27.0528
06/21/2019,$27.21,12548900,$26.87,$27.71,$26.87
06/20/2019,$27.16,7727962,$27.37,$27.60,$26.42
06/19/2019,$27.15,10228760,$27.48,$27.48,$26.87
06/18/2019,$27.30,14485410,$26.03,$27.57,$25.75
06/17/2019,$25.95,13710320,$25.53,$26.90,$25.45
06/14/2019,$25.19,7036775,$24.76,$25.24,$24.55
06/13/2019,$24.97,9710759,$25.06,$25.19,$24.70
06/12/2019,$25.07,13392040,$25.11,$25.45,$24.48
06/11/2019,$24.95,11641360,$25.01,$25.36,$24.53
06/10/2019,$25.31,10247190,$26.07,$26.74,$25.12
06/07/2019,$26.31,10049260,$26.17,$26.93,$25.715
06/06/2019,$26.90,13986080,$27.69,$27.69,$26.23
06/05/2019,$28.01,10740210,$27.54,$28.22,$26.46
06/04/2019,$27.75,20135140,$24.35,$27.94,$24.35
06/03/2019,$24.81,19259630,$26.54,$27.00,$24.37
05/31/2019,$26.97,853801,$28.50,$28.59,$26.97
05/30/2019,$28.80,666050,$28.99,$29.16,$28.22
05/29/2019,$28.50,207765,$29.90,$29.90,$27.66
05/28/2019,$28.765,61544,$29.25,$30.50,$28.51
05/24/2019,$29.00,43994,$29.75,$32.00,$28.50
